id,name,adress,credit,phone,email
1,Segismundo Marquez Casas,"Via Jose Angel Ballester 77
Álava, 64116","Mastercard
Dora Valdés
5594099635534392 05/25
CVV: 553
",+34 748 83 32 19,segismundo_marquez_casas@fakeemail.com
2,Felipa Figueras Valle,"Glorieta Salud Porcel 17 Apt. 14 
Guadalajara, 73611","American Express
Marta Sobrino
345477304990967 04/25
CID: 3370
",+34714 036 918,felipa_figueras_valle@fakeemail.com
3,Amador Valverde,"Pasaje de Pía Zabala 404
Santa Cruz de Tenerife, 10602","JCB 15 digit
Nieves Abella
180057438825038 10/30
CVC: 848
",+34709951902,amador_valverde@fakeemail.com
4,Borja Villegas Oliveras,"Urbanización Fidela Calderon 68
Cuenca, 02113","Diners Club / Carte Blanche
Juan José Soria
38693507293361 06/22
CVC: 089
",+34 724 656 726,borja_villegas_oliveras@fakeemail.com
5,Isidora Valdés Criado,"Glorieta de Genoveva Cornejo 8
Las Palmas, 74281","VISA 16 digit
Victoria Ochoa
4841480194049317 09/25
CVC: 422
",+34 740903334,isidora_valdés_criado@fakeemail.com
6,Demetrio Villena-Coello,"Plaza Palmira Moll 1
Las Palmas, 01508","VISA 16 digit
Paola Madrigal
4225833332112163 11/21
CVC: 106
",+34 705275909,demetrio_villena-coello@fakeemail.com
7,Mónica Escamilla Sanmiguel,"Ronda Epifanio Ortega 1 Apt. 88 
Granada, 24302","VISA 16 digit
Agapito Galvez
4813642170228355 10/30
CVC: 436
",+34 941 555 837,mónica_escamilla_sanmiguel@fakeemail.com
8,Begoña Barragán Pelayo,"Glorieta de Jordán Juárez 300
Soria, 81262","JCB 15 digit
Ruy Martorell
213121448989845 10/21
CVC: 283
",+34712260746,begoña_barragán_pelayo@fakeemail.com
9,Nayara Gárate-Múgica,"Avenida Jovita Alsina 94
Madrid, 29641","Diners Club / Carte Blanche
Azahara Isern
36710313252167 08/29
CVC: 464
",+34 804 113 656,nayara_gárate-múgica@fakeemail.com
10,Jovita Álvarez-Diéguez,"Cañada Cristina Paz 1 Puerta 8 
Huelva, 93376","VISA 16 digit
Gregorio Vilalta
4669798865308046 01/25
CVC: 807
",+34742 276 853,jovita_álvarez-diéguez@fakeemail.com
11,Lucía Huertas Roda,"Acceso de Pánfilo Martínez 60
Cuenca, 22903","JCB 16 digit
Clotilde Heras
3530512836893567 02/27
CVC: 813
",+34 723 818 461,lucía_huertas_roda@fakeemail.com
12,Fidela Galiano Sanabria,"Acceso de Petrona Bastida 88 Puerta 8 
Vizcaya, 58396","VISA 16 digit
Ulises Murillo
4899198207172477 12/21
CVC: 329
",+34709 54 84 10,fidela_galiano_sanabria@fakeemail.com
13,Ximena Alcolea Castro,"Acceso de Diego Frutos 805
Córdoba, 22545","VISA 19 digit
Bautista Flor
4894629951526643983 12/29
CVC: 285
",+34610 164 125,ximena_alcolea_castro@fakeemail.com
14,José María del Gárate,"Rambla Ernesto Casas 58
Cáceres, 48302","VISA 16 digit
Jafet Torrents
4655093973941557 12/26
CVC: 372
",+34 705 211 613,josé_maría_del_gárate@fakeemail.com
15,Eusebia Montenegro Guardiola,"Urbanización de Ruth Comas 1 Apt. 40 
Valladolid, 82496","VISA 13 digit
Joel Franch
4624028255142 10/23
CVC: 610
",+34 717769524,eusebia_montenegro_guardiola@fakeemail.com
16,Demetrio Frías Gómez,"Avenida Esmeralda Alberdi 3
Zaragoza, 02697","Discover
Amarilis Barrios
6011635505968286 09/29
CVC: 031
",+34 721322555,demetrio_frías_gómez@fakeemail.com
17,Duilio Mendoza Domingo,"Via de Angelita Quirós 26
La Rioja, 39138","American Express
Valerio Quevedo
374646228906259 01/26
CID: 1887
",+34 716 269 782,duilio_mendoza_domingo@fakeemail.com
18,Eugenia España,"Camino de Mayte Alberto 79 Piso 7 
Melilla, 40574","VISA 19 digit
Marisela Jara
4817785303401975117 12/29
CVC: 234
",+34739 157 550,eugenia_españa@fakeemail.com
19,Ana Sofía Armengol-Armas,"Paseo de Alba Revilla 24 Apt. 15 
Madrid, 37906","VISA 13 digit
Cristian Barbero
4610175398611 05/21
CVC: 341
",+34735875531,ana_sofía_armengol-armas@fakeemail.com
20,Rosendo Pellicer-Vazquez,"Pasadizo de Chita Peiró 7
Guipúzcoa, 90875","VISA 16 digit
Albano Checa
4470114627106836 04/24
CVC: 186
",+34 644 67 20 26,rosendo_pellicer-vazquez@fakeemail.com
